{"instruction": "Summarize the following document text concisely.", "input": "This report examines the quarterly performance of a retail company. Revenue increased by 12% compared to the previous quarter, largely driven by growth in online sales channels. Physical store sales remained flat due to reduced foot traffic. Marketing campaigns on social media platforms significantly contributed to customer acquisition. However, operational costs rose by 8% due to higher logistics expenses and supply chain disruptions. The company plans to optimize inventory management and expand its e-commerce infrastructure.", "output": "- Revenue increased by 12% driven by online sales\n- Physical store sales remained flat due to low foot traffic\n- Social media marketing boosted customer acquisition\n- Operational costs rose by 8% بسبب logistics and supply chain issues\n- Plans to optimize inventory and expand e-commerce"}
{"instruction": "Summarize the following document text concisely.", "input": "The study investigates the effects of sleep deprivation on university students. Participants were divided into groups with normal sleep and restricted sleep schedules. Results showed that students with reduced sleep performed worse on memory and attention tests. The research concludes that sleep is essential for cognitive performance and recommends a minimum of 7–8 hours per night.", "output": "- Sleep deprivation reduces cognitive performance\n- Lower memory and attention in sleep-restricted students\n- Normal sleep group performed better\n- Sleep is critical for academic success\n- Recommended 7–8 hours of sleep"}
{"instruction": "Summarize the following document text concisely.", "input": "This document outlines cybersecurity policies for employees. All users must create strong passwords and enable two-factor authentication. Sensitive information must be encrypted during storage and transmission. Employees must attend quarterly security training sessions. Any suspected breaches must be reported immediately to the IT department.", "output": "- Strong passwords and 2FA required\n- Sensitive data must be encrypted\n- Quarterly security training mandatory\n- Breaches must be reported immediately"}
{"instruction": "Summarize the following document text concisely.", "input": "The environmental assessment analyzes the construction of a new highway. While it will improve transportation efficiency, it may lead to deforestation and wildlife habitat destruction. Noise and air pollution levels are expected to increase during construction. Suggested mitigation strategies include reforestation programs and installation of noise barriers.", "output": "- Highway improves transportation efficiency\n- Risk of deforestation and habitat loss\n- Increased noise and air pollution expected\n- Mitigation includes reforestation and noise barriers"}
{"instruction": "Summarize the following document text concisely.", "input": "This research paper explores the use of artificial intelligence in healthcare. AI technologies are applied in diagnostics, patient monitoring, and personalized treatment planning. Challenges include data privacy concerns, high implementation costs, and lack of trained professionals. Despite these issues, adoption is expected to increase significantly.", "output": "- AI used in diagnostics, monitoring, and treatment\n- Challenges: privacy, cost, lack of expertise\n- Adoption of AI expected to grow rapidly"}
{"instruction": "Summarize the following document text concisely.", "input": "The onboarding manual describes procedures for new employees. It includes orientation sessions, job-specific training, and mentorship programs. Employees are evaluated after three months of joining. Continuous learning opportunities are provided through workshops and online courses.", "output": "- Orientation and job-specific training included\n- Mentorship programs available\n- Evaluation after 3 months\n- Continuous learning through workshops and courses"}
{"instruction": "Summarize the following document text concisely.", "input": "This financial report reviews the company’s annual performance. Revenue grew by 15% and net profit increased by 10%. Expenses also rose due to expansion into new markets. The company maintains strong cash flow and financial stability.", "output": "- Revenue increased by 15%\n- Net profit grew by 10%\n- Expenses rose due to expansion\n- Strong cash flow and stability maintained"}
{"instruction": "Summarize the following document text concisely.", "input": "The policy document defines remote work guidelines. Employees can work remotely up to three days per week. Regular communication with teams is required. Productivity is tracked using task management systems.", "output": "- Remote work allowed up to 3 days weekly\n- Regular communication required\n- Productivity monitored via tracking tools"}
{"instruction": "Summarize the following document text concisely.", "input": "This academic article examines climate change trends. Global temperatures have risen steadily over the past century due to greenhouse gas emissions. Extreme weather events are becoming more frequent. Immediate action is required to reduce emissions.", "output": "- Global temperatures rising steadily\n- Caused by greenhouse gas emissions\n- Extreme weather events increasing\n- Urgent action needed to reduce emissions"}
{"instruction": "Summarize the following document text concisely.", "input": "The project report describes the development of a mobile application. Features include user authentication, push notifications, and analytics. Challenges included limited resources and tight deadlines. The project was completed successfully.", "output": "- App includes authentication, notifications, analytics\n- Faced limited resources and tight deadlines\n- Project completed successfully"}
{"instruction": "Summarize the following document text concisely.", "input": "The education report evaluates student performance in mathematics. Scores improved by 8% compared to last year due to new teaching strategies. However, some students still struggle with problem-solving skills. Additional tutoring programs are recommended.", "output": "- Math scores improved by 8%\n- Improvement due to new teaching methods\n- Some students struggle with problem-solving\n- Tutoring programs recommended"}
{"instruction": "Summarize the following document text concisely.", "input": "This business proposal outlines a plan to expand into international markets. The company will target Southeast Asia due to growing demand. Initial investment costs are high but expected returns are promising. Market research indicates strong potential growth.", "output": "- Plan to expand into Southeast Asia\n- High initial investment required\n- Strong growth potential identified\n- Expected returns are promising"}
{"instruction": "Summarize the following document text concisely.", "input": "The healthcare report analyzes patient satisfaction levels. Surveys indicate that 85% of patients are satisfied with services. Areas for improvement include waiting times and communication. Staff training programs are being implemented.", "output": "- 85% patient satisfaction reported\n- Issues with waiting times and communication\n- Staff training programs planned"}
{"instruction": "Summarize the following document text concisely.", "input": "This technical document explains a cloud computing system. It uses distributed servers to manage workloads efficiently. Benefits include scalability, flexibility, and cost savings. Security measures include encryption and access control.", "output": "- Uses distributed servers for workload management\n- Benefits: scalability, flexibility, cost savings\n- Security includes encryption and access control"}
{"instruction": "Summarize the following document text concisely.", "input": "The marketing report analyzes campaign performance. Email marketing had the highest conversion rate. Social media campaigns increased brand awareness but had lower conversions. Future strategies will focus on targeted advertising.", "output": "- Email marketing had highest conversions\n- Social media increased brand awareness\n- Lower conversion rates on social platforms\n- Future focus on targeted advertising"}
{"instruction": "Summarize the following document text concisely.", "input": "This legal document outlines terms of service. Users must agree to data collection policies. Unauthorized use of the platform is prohibited. Violations may result in account suspension.", "output": "- Users must accept data collection policies\n- Unauthorized use prohibited\n- Violations may lead to account suspension"}
{"instruction": "Summarize the following document text concisely.", "input": "The logistics report evaluates supply chain efficiency. Delivery times improved by 10% due to route optimization. However, fuel costs increased overall expenses. Automation is being considered to improve efficiency.", "output": "- Delivery times improved by 10%\n- Route optimization contributed to gains\n- Fuel costs increased expenses\n- Automation being considered"}
{"instruction": "Summarize the following document text concisely.", "input": "The HR report reviews employee engagement. Survey results show moderate satisfaction levels. Employees request better work-life balance and career growth opportunities. Management plans to introduce flexible policies.", "output": "- Moderate employee satisfaction levels\n- Need for better work-life balance\n- Demand for career growth opportunities\n- Flexible policies planned"}
{"instruction": "Summarize the following document text concisely.", "input": "This scientific report studies water pollution levels. Industrial waste is a major contributor. Contaminated water affects aquatic life and human health. Strict regulations are needed to control pollution.", "output": "- Industrial waste is main pollution source\n- Affects aquatic life and human health\n- Strict regulations required to control pollution"}
{"instruction": "Summarize the following document text concisely.", "input": "The IT report evaluates system performance. Server uptime reached 99.9%. Minor outages occurred due to maintenance. Future improvements include better monitoring tools.", "output": "- Server uptime reached 99.9%\n- Minor outages due to maintenance\n- Improvements planned with monitoring tools"}
{"instruction": "Summarize the following document text concisely.", "input": "This report examines the quarterly performance of a retail company. Revenue increased by 12% compared to the previous quarter, largely driven by growth in online sales channels. Physical store sales remained flat due to reduced foot traffic. Marketing campaigns on social media platforms significantly contributed to customer acquisition. However, operational costs rose by 8% due to higher logistics expenses and supply chain disruptions. The company plans to optimize inventory management and expand its e-commerce infrastructure.", "output": "- Revenue increased by 12% driven by online sales\n- Physical store sales remained flat due to low foot traffic\n- Social media marketing boosted customer acquisition\n- Operational costs rose by 8% بسبب logistics and supply chain issues\n- Plans to optimize inventory and expand e-commerce"}
{"instruction": "Summarize the following document text concisely.", "input": "The study investigates the effects of sleep deprivation on university students. Participants were divided into groups with normal sleep and restricted sleep schedules. Results showed that students with reduced sleep performed worse on memory and attention tests. The research concludes that sleep is essential for cognitive performance and recommends a minimum of 7–8 hours per night.", "output": "- Sleep deprivation reduces cognitive performance\n- Lower memory and attention in sleep-restricted students\n- Normal sleep group performed better\n- Sleep is critical for academic success\n- Recommended 7–8 hours of sleep"}
{"instruction": "Summarize the following document text concisely.", "input": "This document outlines cybersecurity policies for employees. All users must create strong passwords and enable two-factor authentication. Sensitive information must be encrypted during storage and transmission. Employees must attend quarterly security training sessions. Any suspected breaches must be reported immediately to the IT department.", "output": "- Strong passwords and 2FA required\n- Sensitive data must be encrypted\n- Quarterly security training mandatory\n- Breaches must be reported immediately"}
{"instruction": "Summarize the following document text concisely.", "input": "The environmental assessment analyzes the construction of a new highway. While it will improve transportation efficiency, it may lead to deforestation and wildlife habitat destruction. Noise and air pollution levels are expected to increase during construction. Suggested mitigation strategies include reforestation programs and installation of noise barriers.", "output": "- Highway improves transportation efficiency\n- Risk of deforestation and habitat loss\n- Increased noise and air pollution expected\n- Mitigation includes reforestation and noise barriers"}
{"instruction": "Summarize the following document text concisely.", "input": "This research paper explores the use of artificial intelligence in healthcare. AI technologies are applied in diagnostics, patient monitoring, and personalized treatment planning. Challenges include data privacy concerns, high implementation costs, and lack of trained professionals. Despite these issues, adoption is expected to increase significantly.", "output": "- AI used in diagnostics, monitoring, and treatment\n- Challenges: privacy, cost, lack of expertise\n- Adoption of AI expected to grow rapidly"}
{"instruction": "Summarize the following document text concisely.", "input": "The onboarding manual describes procedures for new employees. It includes orientation sessions, job-specific training, and mentorship programs. Employees are evaluated after three months of joining. Continuous learning opportunities are provided through workshops and online courses.", "output": "- Orientation and job-specific training included\n- Mentorship programs available\n- Evaluation after 3 months\n- Continuous learning through workshops and courses"}
{"instruction": "Summarize the following document text concisely.", "input": "This financial report reviews the company’s annual performance. Revenue grew by 15% and net profit increased by 10%. Expenses also rose due to expansion into new markets. The company maintains strong cash flow and financial stability.", "output": "- Revenue increased by 15%\n- Net profit grew by 10%\n- Expenses rose due to expansion\n- Strong cash flow and stability maintained"}
{"instruction": "Summarize the following document text concisely.", "input": "The policy document defines remote work guidelines. Employees can work remotely up to three days per week. Regular communication with teams is required. Productivity is tracked using task management systems.", "output": "- Remote work allowed up to 3 days weekly\n- Regular communication required\n- Productivity monitored via tracking tools"}
{"instruction": "Summarize the following document text concisely.", "input": "This academic article examines climate change trends. Global temperatures have risen steadily over the past century due to greenhouse gas emissions. Extreme weather events are becoming more frequent. Immediate action is required to reduce emissions.", "output": "- Global temperatures rising steadily\n- Caused by greenhouse gas emissions\n- Extreme weather events increasing\n- Urgent action needed to reduce emissions"}
{"instruction": "Summarize the following document text concisely.", "input": "The project report describes the development of a mobile application. Features include user authentication, push notifications, and analytics. Challenges included limited resources and tight deadlines. The project was completed successfully.", "output": "- App includes authentication, notifications, analytics\n- Faced limited resources and tight deadlines\n- Project completed successfully"}
{"instruction": "Summarize the following document text concisely.", "input": "The education report evaluates student performance in mathematics. Scores improved by 8% compared to last year due to new teaching strategies. However, some students still struggle with problem-solving skills. Additional tutoring programs are recommended.", "output": "- Math scores improved by 8%\n- Improvement due to new teaching methods\n- Some students struggle with problem-solving\n- Tutoring programs recommended"}
{"instruction": "Summarize the following document text concisely.", "input": "This business proposal outlines a plan to expand into international markets. The company will target Southeast Asia due to growing demand. Initial investment costs are high but expected returns are promising. Market research indicates strong potential growth.", "output": "- Plan to expand into Southeast Asia\n- High initial investment required\n- Strong growth potential identified\n- Expected returns are promising"}
{"instruction": "Summarize the following document text concisely.", "input": "The healthcare report analyzes patient satisfaction levels. Surveys indicate that 85% of patients are satisfied with services. Areas for improvement include waiting times and communication. Staff training programs are being implemented.", "output": "- 85% patient satisfaction reported\n- Issues with waiting times and communication\n- Staff training programs planned"}
{"instruction": "Summarize the following document text concisely.", "input": "This technical document explains a cloud computing system. It uses distributed servers to manage workloads efficiently. Benefits include scalability, flexibility, and cost savings. Security measures include encryption and access control.", "output": "- Uses distributed servers for workload management\n- Benefits: scalability, flexibility, cost savings\n- Security includes encryption and access control"}
{"instruction": "Summarize the following document text concisely.", "input": "The marketing report analyzes campaign performance. Email marketing had the highest conversion rate. Social media campaigns increased brand awareness but had lower conversions. Future strategies will focus on targeted advertising.", "output": "- Email marketing had highest conversions\n- Social media increased brand awareness\n- Lower conversion rates on social platforms\n- Future focus on targeted advertising"}
{"instruction": "Summarize the following document text concisely.", "input": "This legal document outlines terms of service. Users must agree to data collection policies. Unauthorized use of the platform is prohibited. Violations may result in account suspension.", "output": "- Users must accept data collection policies\n- Unauthorized use prohibited\n- Violations may lead to account suspension"}
{"instruction": "Summarize the following document text concisely.", "input": "The logistics report evaluates supply chain efficiency. Delivery times improved by 10% due to route optimization. However, fuel costs increased overall expenses. Automation is being considered to improve efficiency.", "output": "- Delivery times improved by 10%\n- Route optimization contributed to gains\n- Fuel costs increased expenses\n- Automation being considered"}
{"instruction": "Summarize the following document text concisely.", "input": "The HR report reviews employee engagement. Survey results show moderate satisfaction levels. Employees request better work-life balance and career growth opportunities. Management plans to introduce flexible policies.", "output": "- Moderate employee satisfaction levels\n- Need for better work-life balance\n- Demand for career growth opportunities\n- Flexible policies planned"}
{"instruction": "Summarize the following document text concisely.", "input": "This scientific report studies water pollution levels. Industrial waste is a major contributor. Contaminated water affects aquatic life and human health. Strict regulations are needed to control pollution.", "output": "- Industrial waste is main pollution source\n- Affects aquatic life and human health\n- Strict regulations required to control pollution"}
{"instruction": "Summarize the following document text concisely.", "input": "The IT report evaluates system performance. Server uptime reached 99.9%. Minor outages occurred due to maintenance. Future improvements include better monitoring tools.", "output": "- Server uptime reached 99.9%\n- Minor outages due to maintenance\n- Improvements planned with monitoring tools"}
{"instruction": "Summarize the following document chunk into concise bullet points.", "input": "The quarterly marketing analysis shows that social media campaigns led to a 15% increase in website traffic. Email campaigns had moderate engagement, while influencer partnerships were highly effective. Budget allocation will prioritize high-performing channels in the next quarter.", "output": "- Social media campaigns increased website traffic by 15%\n- Email campaigns had moderate engagement\n- Influencer partnerships highly effective\n- Future budget will prioritize top channels"}
{"instruction": "Summarize the following document chunk into concise bullet points.", "input": "This financial review indicates that the company maintained steady revenue growth throughout the year. Cost-cutting measures improved profitability. Investments in technology enhanced operational efficiency. Future forecasts remain optimistic despite market fluctuations.", "output": "- Steady revenue growth maintained\n- Cost-cutting improved profitability\n- Technology investments enhanced efficiency\n- Optimistic future forecasts despite market fluctuations"}
{"instruction": "Summarize the following document chunk into concise bullet points.", "input": "The environmental compliance report highlights improvements in waste management processes. Recycling rates increased by 20%. Hazardous waste disposal follows regulatory guidelines. Further efforts are needed to reduce carbon footprint.", "output": "- Recycling rates increased by 20%\n- Hazardous waste disposal compliant with regulations\n- Need to further reduce carbon footprint"}
{"instruction": "Summarize the following document chunk into concise bullet points.", "input": "The healthcare survey reports that patient satisfaction scores improved by 12% this year. Staff responsiveness and clarity of communication were major contributors. Waiting times for appointments remain an area for improvement. New scheduling systems are being piloted.", "output": "- Patient satisfaction improved by 12%\n- Staff responsiveness and communication contributed\n- Waiting times still need improvement\n- New scheduling systems piloted"}
{"instruction": "Summarize the following document chunk into concise bullet points.", "input": "The HR development report indicates that training programs for leadership and technical skills increased employee productivity. Participation rates exceeded expectations. Mentorship programs were introduced to improve career development opportunities.", "output": "- Training programs increased productivity\n- High participation rates\n- Mentorship programs introduced for career development"}
{"instruction": "Summarize the following document chunk into concise bullet points.", "input": "The supply chain review shows that inventory management improvements reduced stockouts by 15%. Supplier lead times decreased due to better coordination. Transportation costs slightly increased. Plans are in place for warehouse automation.", "output": "- Inventory management reduced stockouts by 15%\n- Supplier lead times decreased\n- Transportation costs slightly increased\n- Warehouse automation planned"}
{"instruction": "Summarize the following document chunk into concise bullet points.", "input": "This project status report outlines that milestones for software deployment were met on schedule. Testing phases identified minor bugs, which were resolved. User training materials have been prepared. The final rollout is expected next month.", "output": "- Software deployment milestones met on schedule\n- Minor bugs identified and resolved during testing\n- User training materials prepared\n- Final rollout next month"}
{"instruction": "Summarize the following document chunk into concise bullet points.", "input": "The customer service analysis indicates that call response times improved by 20%. Customer complaints decreased by 18%. Satisfaction surveys indicate overall positive trends. Additional training programs are planned to maintain performance.", "output": "- Call response times improved by 20%\n- Customer complaints decreased by 18%\n- Overall positive satisfaction trends\n- Additional training programs planned"}
{"instruction": "Summarize the following document chunk into concise bullet points.", "input": "The operations report indicates that production efficiency improved due to automation of key processes. Downtime decreased, while output increased. Maintenance schedules are being updated to prevent future delays. Employee feedback suggests adaptation challenges.", "output": "- Production efficiency improved via automation\n- Downtime decreased, output increased\n- Maintenance schedules updated\n- Employee adaptation challenges noted"}
{"instruction": "Summarize the following document chunk into concise bullet points.", "input": "The academic assessment shows that students' test scores improved with the adoption of interactive learning methods. Participation in classroom activities increased. Technology-assisted learning tools enhanced understanding. Some students still need additional support.", "output": "- Test scores improved with interactive learning\n- Increased participation in class activities\n- Technology tools enhanced understanding\n- Additional support needed for some students"}
{"instruction": "Summarize the following document chunk into concise bullet points.", "input": "The logistics analysis reports that route optimization reduced delivery times by 10%. Inventory tracking systems improved stock management. Fuel costs remain a challenge due to rising prices. Plans to integrate AI-based predictive analytics are underway.", "output": "- Route optimization reduced delivery times by 10%\n- Inventory tracking improved stock management\n- Rising fuel costs remain a challenge\n- AI-based predictive analytics planned"}
{"instruction": "Summarize the following document chunk into concise bullet points.", "input": "The research on workplace productivity shows that flexible working hours improved employee performance. Job satisfaction increased. Collaboration tools facilitated remote teamwork. Some departments reported coordination challenges.", "output": "- Flexible working hours improved performance\n- Job satisfaction increased\n- Collaboration tools facilitated remote work\n- Coordination challenges in some departments"}
{"instruction": "Summarize the following document chunk into concise bullet points.", "input": "This market research indicates that customer preferences are shifting toward sustainable products. Eco-friendly packaging and ethical sourcing influence purchasing decisions. Companies are investing in green marketing initiatives. Competitors with sustainable offerings gained market share.", "output": "- Customers prefer sustainable products\n- Eco-packaging and ethical sourcing influence buying\n- Companies investing in green marketing\n- Competitors with sustainable offerings gained share"}
{"instruction": "Summarize the following document chunk into concise bullet points.", "input": "The technical documentation review highlights improvements in system security protocols. Multi-factor authentication was implemented. Data encryption standards were updated. Continuous monitoring is required to maintain security.", "output": "- Multi-factor authentication implemented\n- Data encryption standards updated\n- Continuous monitoring required for security"}
{"instruction": "Summarize the following document chunk into concise bullet points.", "input": "The HR satisfaction survey shows that employees value recognition programs. Performance incentives motivated staff. Some departments requested more career growth opportunities. Plans for mentorship and coaching programs are underway.", "output": "- Employees value recognition programs\n- Performance incentives motivated staff\n- Requests for more career growth opportunities\n- Mentorship and coaching programs planned"}
{"instruction": "Summarize the following document chunk into concise bullet points.", "input": "The energy report indicates that renewable energy usage increased by 25% over the past year. Solar and wind energy contributed most. Energy efficiency initiatives reduced consumption. Policy support from government encouraged adoption.", "output": "- Renewable energy usage increased by 25%\n- Solar and wind contributed most\n- Efficiency initiatives reduced consumption\n- Government policy supported adoption"}
{"instruction": "Summarize the following document chunk into concise bullet points.", "input": "The healthcare operational report shows that patient flow management improved service delivery. Appointment scheduling systems reduced wait times. Staff coordination improved with digital tools. Further improvements are required in emergency departments.", "output": "- Patient flow management improved service delivery\n- Scheduling systems reduced wait times\n- Staff coordination improved with digital tools\n- Emergency departments need further improvements"}
{"instruction": "Summarize the following document chunk into concise bullet points.", "input": "The financial performance report indicates that net profit margins increased due to cost reduction strategies. Revenue remained stable. Investments in automation improved efficiency. Market volatility remains a potential risk.", "output": "- Net profit margins increased due to cost reduction\n- Revenue remained stable\n- Automation improved efficiency\n- Market volatility is a potential risk"}
{"instruction": "Summarize the following document chunk into concise bullet points.", "input": "This policy review highlights compliance improvements across departments. Documentation accuracy increased. Training sessions addressed regulatory gaps. Ongoing audits ensure continued compliance.", "output": "- Compliance improved across departments\n- Documentation accuracy increased\n- Training addressed regulatory gaps\n- Ongoing audits ensure compliance"}
{"instruction": "Summarize the following document chunk into concise bullet points.", "input": "The IT infrastructure report shows server uptime maintained at 99.8%. Network latency decreased with hardware upgrades. Backup systems were tested successfully. Plans include cloud integration for scalability.", "output": "- Server uptime maintained at 99.8%\n- Network latency decreased via hardware upgrades\n- Backup systems tested successfully\n- Cloud integration planned for scalability"}
{"instruction": "Summarize the following document chunk into concise bullet points.", "input": "The product quality report indicates a decrease in defect rates by 12%. Quality control processes were strengthened. Customer complaints decreased. Continuous improvement initiatives remain in progress.", "output": "- Defect rates decreased by 12%\n- Quality control processes strengthened\n- Customer complaints decreased\n- Continuous improvement initiatives ongoing"}
{"instruction": "Summarize the following document chunk into concise bullet points.", "input": "The marketing performance report shows that content marketing increased engagement rates by 20%. Social media campaigns outperformed other channels. Email open rates remained steady. Future campaigns will focus on high-engagement strategies.", "output": "- Content marketing increased engagement by 20%\n- Social media campaigns most effective\n- Email open rates steady\n- Future campaigns will focus on high-engagement strategies"}
{"instruction": "Summarize the following document chunk into concise bullet points.", "input": "The academic study on remote learning indicates that students benefited from interactive platforms. Engagement increased, and comprehension improved. Technical issues were minimal. Continued investment in technology is recommended.", "output": "- Students benefited from interactive remote learning\n- Engagement and comprehension improved\n- Technical issues minimal\n- Continued technology investment recommended"}
{"instruction": "Summarize the following document chunk into concise bullet points.", "input": "The operations improvement report shows that process automation reduced manual workload. Production cycles shortened. Employee productivity increased. Additional automation projects are planned.", "output": "- Automation reduced manual workload\n- Production cycles shortened\n- Employee productivity increased\n- Further automation projects planned"}
{"instruction": "Summarize the following document chunk into concise bullet points.", "input": "The environmental impact assessment indicates reduced water consumption due to new conservation initiatives. Energy usage also decreased. Waste management practices improved. Additional measures are planned for sustainability.", "output": "- Water consumption reduced via conservation initiatives\n- Energy usage decreased\n- Waste management improved\n- Additional sustainability measures planned"}
{"instruction": "Summarize the following document chunk into concise bullet points.", "input": "The workforce planning report identifies critical skill gaps in IT and analytics teams. Recruitment efforts are targeting these areas. Training programs are being enhanced. Retention strategies are being refined.", "output": "- Critical skill gaps in IT and analytics identified\n- Recruitment targeting skill gaps\n- Training programs enhanced\n- Retention strategies refined"}
{"instruction": "Summarize the following document chunk into concise bullet points.", "input": "The logistics performance review indicates that shipping times improved with route optimization. Cost savings were realized. Inventory accuracy increased. Challenges remain in international deliveries.", "output": "- Shipping times improved via route optimization\n- Cost savings realized\n- Inventory accuracy increased\n- Challenges remain for international deliveries"}
{"instruction": "Summarize the following document chunk into concise bullet points.", "input": "The research report on AI adoption shows that predictive analytics enhanced decision-making. Automation reduced repetitive tasks. Adoption rates increased across departments. Data quality issues need addressing.", "output": "- Predictive analytics enhanced decision-making\n- Automation reduced repetitive tasks\n- Adoption rates increased\n- Data quality issues remain"}
{"instruction": "Summarize the following document chunk into concise bullet points.", "input": "The annual HR report indicates improvements in employee satisfaction. Recognition programs and benefits contributed to higher morale. Some departments reported workload concerns. Initiatives are underway to balance workload.", "output": "- Employee satisfaction improved\n- Recognition and benefits increased morale\n- Workload concerns in some departments\n- Initiatives planned to balance workload"}
{"instruction": "Summarize the following document chunk into concise bullet points.", "input": "The IT security audit identifies vulnerabilities in legacy systems. Patches and updates were applied. Monitoring processes were enhanced. Ongoing vigilance is required.", "output": "- Vulnerabilities identified in legacy systems\n- Patches and updates applied\n- Monitoring processes enhanced\n- Ongoing vigilance required"}
{"instruction": "Summarize the following document chunk into concise bullet points.", "input": "The sustainability performance report shows reduced greenhouse gas emissions by 18%. Renewable energy adoption contributed significantly. Waste reduction programs were successful. Further improvements are planned.", "output": "- Greenhouse gas emissions reduced by 18%\n- Renewable energy adoption contributed\n- Waste reduction programs successful\n- Further improvements planned"}
{"instruction": "Summarize the following document chunk into concise bullet points.", "input": "The customer engagement report indicates that loyalty programs increased repeat purchases. Customer satisfaction scores improved. Feedback suggests preferences for personalized offers. Program expansion is planned.", "output": "- Loyalty programs increased repeat purchases\n- Customer satisfaction improved\n- Personalized offers preferred\n- Program expansion planned"}
{"instruction": "Summarize the following document chunk into concise bullet points.", "input": "The research report on digital transformation shows increased adoption of cloud solutions. Automation tools improved operational efficiency. Employee training supported transition. Change management strategies were effective.", "output": "- Cloud adoption increased\n- Automation improved efficiency\n- Employee training supported transition\n- Change management strategies effective"}
{"instruction": "Summarize the following document chunk into concise bullet points.", "input": "The operations audit indicates improved quality control processes. Defect rates decreased by 10%. Employee compliance with protocols increased. Continuous monitoring remains essential.", "output": "- Quality control improved\n- Defect rates decreased by 10%\n- Employee protocol compliance increased\n- Continuous monitoring essential"}
{"instruction": "Summarize the following document chunk into concise bullet points.", "input": "The academic performance review shows that student grades improved in STEM subjects. Project-based learning contributed to better understanding. Participation rates increased. Some students require additional tutoring.", "output": "- STEM grades improved\n- Project-based learning effective\n- Participation rates increased\n- Additional tutoring needed for some students"}
{"instruction": "Summarize the following document chunk into concise bullet points.", "input": "The logistics audit report highlights improvements in inventory accuracy and delivery performance. Delays were reduced. Coordination with suppliers improved. Digital tracking systems contributed to better oversight.", "output": "- Inventory accuracy improved\n- Delivery delays reduced\n- Supplier coordination improved\n- Digital tracking enhanced oversight"}
{"instruction": "Summarize the following document chunk into concise bullet points.", "input": "The research study indicates that employee engagement increased through team-building activities and flexible work options. Satisfaction surveys showed positive trends. Management plans to continue initiatives.", "output": "- Engagement increased via team-building and flexible work\n- Satisfaction surveys positive\n- Initiatives to continue planned"}
{"instruction": "Summarize the following document chunk into concise bullet points.", "input": "The IT infrastructure report shows increased network reliability after hardware upgrades. Server performance improved. Backup systems are now fully operational. Future plans include cloud integration.", "output": "- Network reliability improved\n- Server performance enhanced\n- Backup systems fully operational\n- Cloud integration planned"}